Player,Team,OwnershipTotal,OwnershipTop1000,OwnershipTop100,OwnershipTop10,OwnershipTop1000Chg,OwnershipTop100Chg,OwnershipTop10Chg
Aaron Cadman,GWS,1.18,0,0,0,0,0,0
Aaron Francis,SYD,0.11,0,0,0,-0.1,0,0
Aaron Naughton,WBD,0.68,0,0,0,0,0,0
Adam Cerra,CAR,14.39,50,54,70,-0.899999999999999,6,20
Adam Saad,CAR,2.17,0,0,0,-0.1,0,0
Adam Treloar,WBD,0.91,0,0,0,0,0,0
Aidan Corr,NTH,0.95,0,0,0,-0.1,0,0
Aidan Johnson,MEL,1.25,1.6,0,0,0.8,0,0
Aiden Riddle,FRE,0.25,0.2,0,0,0.1,0,0
Alex Cincotta,CAR,0.34,0,0,0,0,0,0
Alex Davies,GCS,0.11,0,0,0,0,0,0
Alex Dodson,STK,0.42,0,0,0,0,0,0
Alex Neal-Bullen,ADE,1.42,0,0,0,0,0,0
Alex Pearce,FRE,1.27,0,0,0,0,0,0
Alex Sexton,GCS,0.18,0,0,0,0,0,0
Aliir Aliir,PTA,2.36,0,0,0,0,0,0
Alixzander Tauru,STK,1.24,0,0,0,0,0,0
Alwyn Davey Jnr,ESS,0.58,0,0,0,0,0,0
Andrew Brayshaw,FRE,9.22,10.1,8,0,6.2,4,0
Andrew McGrath,ESS,1.14,0.4,0,0,-0.3,-1,0
Andy Moniz-Wakefield,MEL,0.08,0,0,0,0,0,0
Angus Clarke,ESS,0.21,0,0,0,0,0,0
Angus Hastie,STK,11.08,13.7,15,10,-1.8,-6,0
Angus McLennan,STK,0.11,0,0,0,0,0,0
Angus Sheldrick,SYD,5.6,0,0,0,0,0,0
Anthony Caminiti,STK,0.26,0,0,0,0,0,0
Anthony Scott,WBD,0.3,0,0,0,0,0,0
Archer Day-Wicks,ESS,0.83,0,0,0,-0.1,0,0
Archer Reid,WCE,25.21,17.3,20,20,4.2,-1,0
Archie Perkins,ESS,0.54,0,0,0,0,0,0
Archie Roberts,ESS,1.72,0.1,0,0,-0.1,-1,0
Arie Schoenmaker,STK,0.74,0,0,0,0,0,0
Arthur Jones,WBD,1.27,0,0,0,0,0,0
Ash Johnson,COL,0.13,0,0,0,0,0,0
Asher Eastham,GCS,0.05,0,0,0,-0.1,0,0
Ashton Moir,CAR,2.47,0.1,0,0,-0.1,0,0
Bailey Banfield,FRE,0.18,0,0,0,0,0,0
Bailey Dale,WBD,2.81,2.1,2,0,0.2,-1,0
Bailey Humphrey,GCS,1.2,0.7,1,0,0.3,1,0
Bailey J. Williams,WCE,0.79,0.1,0,0,0.1,0,0
Bailey Laurie,MEL,0.65,0,0,0,0,0,0
Bailey Macdonald,HAW,0.09,0,0,0,0,0,0
Bailey Scott,NTH,0.13,0,0,0,0,0,0
Bailey Smith,GEE,74.43,98.1,99,100,4.09999999999999,5,0
Bailey Williams,WBD,0.09,0,0,0,0,0,0
Bayley Fritsch,MEL,0.65,0,0,0,0,0,0
Beau McCreery,COL,0.99,0,0,0,0,0,0
Ben Ainsworth,GCS,0.18,0,0,0,0,0,0
Ben Camporeale,CAR,0.81,0.1,0,0,0,0,0
Ben Hobbs,ESS,1.89,0.9,1,0,-0.4,-1,0
Ben Jepson,GCS,4.43,0.1,0,0,0,0,0
Ben Keays,ADE,1.84,0.4,2,10,0.2,2,10
Ben King,GCS,0.95,0,0,0,0,0,0
Ben Long,GCS,0.1,0,0,0,0,0,0
Ben McKay,ESS,0.57,0,0,0,0,0,0
Ben Miller,RIC,0.35,0,0,0,0,0,0
Ben Paton,SYD,1.75,0,0,0,-0.2,0,0
Benny Barrett,PTA,0.17,0,0,0,0,0,0
Billy Dowling,ADE,0.11,0,0,0,0,0,0
Billy Frampton,COL,0.82,0,0,0,0,0,0
Billy Wilson,CAR,1.83,0.3,1,0,0.2,1,0
Blake Acres,CAR,0.57,0,0,0,0,0,0
Blake Hardwick,HAW,1.34,0,0,0,0,0,0
Blake Howes,MEL,0.14,0,0,0,0,0,0
Blake Leidler,SYD,0.28,0,0,0,0,0,0
Bo Allan,WCE,18.42,6.5,6,10,-0.5,1,10
Bobby Hill,COL,4.65,0,0,0,0,0,0
Bodhi Uwland,GCS,0.29,0,0,0,0,0,0
Bodie Ryan,HAW,0.25,0,0,0,-0.1,-1,-10
Brad Close,GEE,0.39,0,0,0,0,0,0
Bradley Hill,STK,0.9,0,0,0,0,0,0
Brady Hough,WCE,0.61,0,0,0,0,0,0
Braeden Campbell,SYD,2.19,0,0,0,0,0,0
Brandon Ryan,BRL,0.14,0,0,0,0,0,0
Brandon Starcevich,BRL,0.99,0,0,0,0,0,0
Brandon Walker,FRE,0.38,0,0,0,0,0,0
Brandon Zerk-Thatcher,PTA,0.24,0,0,0,0,0,0
Brayden Cook,ADE,0.06,0,0,0,0,0,0
Brayden Fiorini,GCS,0.04,0,0,0,0,0,0
Brayden George,NTH,0.16,0,0,0,0,0,0
Brayden Maynard,COL,2.38,0,0,0,0,0,0
Brennan Cox,FRE,0.26,0,0,0,0,0,0
Brent Daniels,GWS,11.2,0,0,0,0,0,0
Brodie Grundy,SYD,4.02,0,0,0,0,0,0
Brodie Kemp,CAR,0.44,0,0,0,-0.1,0,0
Brodie Smith,ADE,0.09,0,0,0,0,0,0
Brody Mihocek,COL,0.76,0,0,0,0,0,0
Bruce Reville,BRL,0.29,0,0,0,0,0,0
Brynn Teakle,NTH,0.09,0,0,0,0,0,0
Buku Khamis,WBD,0.72,0,0,0,0,0,0
Caiden Cleary,SYD,0.72,0.1,0,0,0.1,0,0
Caleb Daniel,NTH,67.72,99.9,100,100,0,0,0
Caleb Graham,GCS,1.31,0,0,0,0,0,0
Caleb Mitchell,SYD,4.33,0,0,0,0,0,0
Caleb Poulter,WBD,0.23,0,0,0,0,0,0
Caleb Serong,FRE,8.7,2.8,3,0,1.2,1,0
Caleb Windsor,MEL,0.44,0,0,0,0,0,0
Callan Ward,GWS,0.83,0,0,0,0,0,0
Callum Ah Chee,BRL,0.73,0,0,0,0,0,0
Callum Coleman-Jones,NTH,0.06,0,0,0,0,0,0
Callum Jamieson,WCE,0.16,0,0,0,0,0,0
Callum M. Brown,GWS,0.86,0,0,0,0,0,0
Callum Mills,SYD,1.96,0,0,0,0,0,0
Callum Wilkie,STK,0.92,0.1,0,0,0.1,0,0
Calsher Dear,HAW,0.32,0,0,0,0,0,0
Cam Mackenzie,HAW,1.84,0,0,0,0,0,0
Cam Rayner,BRL,1.78,0,0,0,0,0,0
Cameron Guthrie,GEE,0.15,0,0,0,0,0,0
Cameron Zurhaar,NTH,1.02,0,0,0,-0.1,0,0
Campbell Chesser,WCE,0.31,0,0,0,0,0,0
Campbell Gray,RIC,0.58,0.1,1,0,0,0,-10
Chad Warner,SYD,6.45,0,0,0,0,0,0
Changkuoth Jiath,HAW,1.31,0,0,0,0,0,0
Charlie Ballard,GCS,0.18,0,0,0,0,0,0
Charlie Cameron,BRL,1.1,0,0,0,0,0,0
Charlie Comben,NTH,0.25,0,0,0,0,0,0
Charlie Curnow,CAR,2.24,0,0,0,0,0,0
Charlie Dean,COL,0.08,0,0,0,0,0,0
Charlie Edwards,ADE,1.42,0.4,1,10,-0.1,0,10
Charlie Nicholls,FRE,0.54,0,0,0,0,0,0
Charlie Spargo,MEL,0.48,0,0,0,0,0,0
Charlie West,COL,1.16,0.1,1,0,0.1,1,0
Chayce Jones,ADE,0.07,0,0,0,0,0,0
Chris Burgess,ADE,0.04,0,0,0,0,0,0
Christian Moraes,PTA,7.96,4,6,0,3.5,6,0
Christian Petracca,MEL,10.92,12.2,11,10,-0.9,2,10
Christian Salem,MEL,3.59,2.8,4,0,-0.3,2,0
Cillian Burke,GEE,0.07,0,0,0,0,0,0
Clay Hall,WCE,2.23,0.3,1,0,0.2,1,0
Clayton Oliver,MEL,54.58,96.6,97,90,0.299999999999997,3,-10
Cody Anderson,HAW,1.11,0.1,0,0,0.1,0,0
Cody Angove,GWS,7.74,0.8,0,0,0.4,0,0
Cody Weightman,WBD,0.23,0,0,0,0,0,0
Coen Livingstone,WCE,6.09,1.7,2,0,0.6,2,0
Colby McKercher,NTH,4.75,0.2,0,0,0,0,0
Connor Budarick,GCS,0.06,0,0,0,0,0,0
Connor Idun,GWS,1.18,0,0,0,0,0,0
Connor Macdonald,HAW,2.35,0,0,0,0,0,0
Connor O'Sullivan,GEE,12.28,5.3,6,10,3.4,5,0
Connor Rozee,PTA,38.54,91.5,91,90,-5.59999999999999,-6,-10
Conor McKenna,BRL,0.14,0,0,0,0,0,0
Conor Nash,HAW,1.04,0,0,0,0,0,0
Conor Stone,GWS,42.57,76.9,74,60,-1.09999999999999,1,10
Cooper Bell,GCS,0.35,0.2,0,0,0.2,0,0
Cooper Harvey,NTH,0.11,0,0,0,0,0,0
Cooper Hynes,WBD,0.27,0,0,0,0,0,0
Cooper Lord,CAR,0.84,0,0,0,0,0,0
Cooper Sharman,STK,0.07,0,0,0,0,0,0
Cooper Simpson,FRE,1.77,0.3,0,0,0.1,0,0
Corey Durdin,CAR,0.2,0,0,0,0,0,0
Corey Wagner,FRE,0.92,0.2,0,0,-1.2,-1,0
Corey Warner,SYD,17.22,22.3,23,10,14.1,12,10
Dan Butler,STK,0.15,0,0,0,0,0,0
Dan Houston,COL,4.61,0.1,0,0,0,0,0
Dane Rampe,SYD,2.1,0,0,0,0,0,0
Daniel Curtin,ADE,11.54,2.8,8,10,-0.6,3,0
Daniel McStay,COL,1.74,0.1,0,0,0.1,0,0
Daniel Rioli,GCS,2.92,0.5,0,0,0.5,0,0
Daniel Turner,MEL,0.09,0,0,0,0,0,0
Dante Visentini,PTA,0.53,0,0,0,0,0,0
Darcy Byrne-Jones,PTA,0.38,0,0,0,0,0,0
Darcy Cameron,COL,4.96,0.5,0,0,0.2,-1,0
Darcy Craven,BRL,0.06,0,0,0,0,0,0
Darcy Fogarty,ADE,0.97,0,0,0,0,0,0
Darcy Fort,BRL,0.92,0,0,0,0,0,0
Darcy Gardiner,BRL,0.09,0,0,0,0,0,0
Darcy Jones,GWS,1.38,0,0,0,0,0,0
Darcy Moore,COL,4.76,0,0,0,0,0,0
Darcy Parish,ESS,0.13,0,0,0,0,0,0
Darcy Tucker,NTH,0.26,0,0,0,0,0,0
Darcy Wilmot,BRL,0.91,0.2,0,0,0.1,0,0
Darcy Wilson,STK,1.84,0.6,0,0,-0.2,-1,0
Darragh Joyce,BRL,0.07,0,0,0,0,0,0
David Swallow,GCS,0.45,0,0,0,0,0,0
Dayne Zorko,BRL,13.42,26.3,46,60,11.7,21,20
Deven Robertson,BRL,1.75,0,0,0,0,0,0
Dion Prestia,RIC,0.13,0,0,0,0,0,0
Dom Sheed,WCE,0.06,0,0,0,0,0,0
Dougal Howard,STK,0.05,0,0,0,0,0,0
Dylan Moore,HAW,20.26,0.1,0,0,-0.4,0,0
Dylan Shiel,ESS,0.95,0.2,0,0,0,0,0
Dylan Stephens,NTH,0.2,0,0,0,0,0,0
Dylan Williams,PTA,0.06,0,0,0,0,0,0
Eamonn Armstrong,STK,0.59,0.1,0,0,0.1,0,0
Ed Langdon,MEL,0.22,0.1,0,0,0.1,0,0
Ed Richards,WBD,1.14,0.6,1,0,0.2,0,0
Eddie Ford,NTH,0.04,0,0,0,0,0,0
Edward Allan,COL,1.46,0,0,0,0,0,0
Elijah Hewett,WCE,24.22,12.7,17,0,0.6,8,-10
Elijah Hollands,CAR,0.18,0,0,0,0,0,0
Elijah Tsatas,ESS,1.81,0,0,0,-0.2,0,0
Elliot Yeo,WCE,0.17,0,0,0,0,0,0
Elliott Himmelberg,GCS,0.08,0,0,0,0,0,0
Eric Hipwood,BRL,0.45,0,0,0,0,0,0
Errol Gulden,SYD,1.23,0,0,0,0,0,0
Esava Ratugolea,PTA,0.44,0,0,0,0,0,0
Ethan Read,GCS,5.1,3,5,0,1.1,4,0
Finlay Macrae,COL,0.32,0,0,0,0,0,0
Finn Callaghan,GWS,26.57,15.1,7,0,4.1,-1,-20
Finn Maginness,HAW,3.57,0,0,0,0,0,0
Finn O'Sullivan,NTH,46.59,66.9,61,50,-9.09999999999999,-7,0
Finnbar Maley,NTH,3.95,0.4,1,0,0,1,0
Francis Evans,CAR,0.25,0,0,0,0,0,0
Geordie Payne,NTH,0.57,0.1,0,0,0,-1,0
George Hewett,CAR,1.21,1.2,2,0,1.2,2,0
George Stevens,GEE,0.28,0,0,0,0,0,0
George Wardlaw,NTH,0.2,0,0,0,0,0,0
Griffin Logue,NTH,0.54,0.1,0,0,0.1,0,0
Gryan Miers,GEE,4.25,0.4,0,0,0,-1,0
Hamish Davis,WCE,0.86,2.1,3,10,0.4,1,10
Harley Reid,WCE,7.7,0,0,0,0,0,0
Harris Andrews,BRL,1.59,0,0,0,0,0,0
Harrison Jones,ESS,0.55,0,0,0,0,0,0
Harrison Oliver,GWS,0.35,0,0,0,0,0,0
Harrison Petty,MEL,0.14,0,0,0,0,0,0
Harry Armstrong,RIC,4.35,0.9,0,0,0,-2,0
Harry Barnett,WCE,4.6,0.5,0,0,0.2,-1,0
Harry Boyd,STK,53.63,86.8,87,100,-4,-1,0
Harry Charleson,CAR,0.36,0,0,0,0,0,0
Harry Cunningham,SYD,0.09,0,0,0,0,0,0
Harry DeMattia,COL,1.06,0,0,0,0,0,0
Harry Edwards,WCE,0.71,0,0,0,0,0,0
Harry Himmelberg,GWS,2.29,0,0,0,0,0,0
Harry Lemmey,CAR,0.11,0,0,0,0,0,0
Harry McKay,CAR,1.36,0,0,0,0,0,0
Harry Morrison,HAW,1.15,0,0,0,0,0,0
Harry O'Farrell,CAR,0.1,0,0,0,0,0,0
Harry Perryman,COL,12.05,1.9,3,10,-22.3,-19,0
Harry Rowston,GWS,1.32,0.2,0,0,0.2,0,0
Harry Schoenberg,ADE,0.04,0,0,0,0,0,0
Harry Sharp,MEL,0.37,0,0,0,0,0,0
Harry Sheezel,NTH,56.61,55.6,63,90,-11.3,-12,-10
Harvey Gallagher,WBD,0.26,0,0,0,0,0,0
Harvey Harrison,COL,0.06,0,0,0,0,0,0
Harvey Johnston,WCE,0.91,0,0,0,0,0,0
Harvey Langford,MEL,11.81,3,2,0,-1.2,-3,0
Harvey Thomas,GWS,0.08,0,0,0,0,0,0
Hayden McLean,SYD,0.09,0,0,0,0,0,0
Hayden Young,FRE,0.53,0,0,0,0,0,0
Heath Chapman,FRE,0.3,0,0,0,0,0,0
Henry Hustwaite,HAW,0.09,0,0,0,0,0,0
Henry Smith,BRL,0.18,0,0,0,0,0,0
Hudson O'Keeffe,CAR,0.53,0,0,0,0,0,0
Hugh Bond,ADE,0.4,0,0,0,0,0,0
Hugh Boxshall,STK,8.78,6.4,7,10,-2,0,-10
Hugh Davies,FRE,0.83,0.1,0,0,0,0,0
Hugh Jackson,PTA,4.39,0.1,0,0,0,0,0
Hugh McCluggage,BRL,0.71,0,0,0,0,0,0
Hugo Garcia,STK,21.32,44.4,45,20,2.4,10,-20
Hugo Ralphsmith,RIC,0.27,0,0,0,0,0,0
Hunter Clark,STK,0.06,0,0,0,0,0,0
Iliro Smit,COL,0.18,0,0,0,0,0,0
Indhi Kirk,SYD,0.33,0,0,0,0,0,0
Isaac Cumming,ADE,2.67,0.1,0,0,-0.1,-1,-10
Isaac Heeney,SYD,8.82,0,0,0,-0.2,0,0
Isaac Kako,ESS,51.02,46.3,43,40,-2,-11,-10
Isaac Keeler,STK,3.74,1.1,1,10,0.2,0,10
Isaac Quaynor,COL,5.13,0,0,0,0,0,0
Isaiah Dudley,FRE,2.24,0.3,0,0,0.1,0,0
Ivan Soldo,PTA,0.33,0,0,0,0,0,0
Izak Rankine,ADE,20.61,43.9,49,40,18.8,17,10
Jack Billings,MEL,0.24,0,0,0,0,0,0
Jack Bowes,GEE,0.19,0,0,0,0,0,0
Jack Buckley,GWS,0.85,0,0,0,0,0,0
Jack Buller,SYD,1.86,0,0,0,0,0,0
Jack Carroll,STK,0.48,0,0,0,0,0,0
Jack Crisp,COL,2.23,0,0,0,0,0,0
Jack Darling,NTH,0.57,0,0,0,0,0,0
Jack Delean,FRE,0.13,0,0,0,0,0,0
Jack Ginnivan,HAW,4.17,0,0,0,0,0,0
Jack Graham,WCE,2.66,2,0,0,1.2,-1,0
Jack Gunston,HAW,0.22,0,0,0,0,0,0
Jack Henderson,MEL,8.43,8.7,8,10,5.5,3,10
Jack Henry,GEE,2.73,1.1,0,0,-1,-4,0
Jack Higgins,STK,0.36,0,0,0,0,0,0
Jack Hutchinson,WCE,1.82,0.7,0,0,0.2,-2,-10
Jack Lukosius,PTA,0.49,0,0,0,0,0,0
Jack Macrae,STK,60.56,99.9,100,100,-0.0999999999999943,0,0
Jack Martin,GEE,0.23,0,0,0,0,0,0
Jack Ough,GWS,0.89,0.1,0,0,0.1,0,0
Jack Payne,BRL,0.33,0,0,0,0,0,0
Jack Petruccelle,WCE,0.11,0,0,0,0,0,0
Jack Ross,RIC,0.82,0.2,0,0,0.1,0,0
Jack Scrimshaw,HAW,1.32,0,0,0,0,0,0
Jack Silvagni,CAR,2.6,1.6,2,0,0.1,1,0
Jack Sinclair,STK,10.17,15.7,16,20,13.6,13,20
Jack Steele,STK,1.62,0.2,0,0,-0.1,0,0
Jack Viney,MEL,0.33,0,0,0,0,0,0
Jack Whitlock,PTA,0.53,0,0,0,0,0,0
Jack Williams,WCE,0.07,0,0,0,0,0,0
Jackson Archer,NTH,0.59,0,0,0,0,0,0
Jackson Mead,PTA,0.59,0.1,0,0,0.1,0,0
Jacob Bauer,RIC,1.06,0,0,0,-0.1,0,0
Jacob Blight,RIC,1.24,0.1,0,0,0.1,0,0
Jacob Hopper,RIC,0.48,0,0,0,0,0,0
Jacob Konstanty,NTH,5.22,2.6,3,0,0,0,-10
Jacob Koschitzke,RIC,0.04,0,0,0,0,0,0
Jacob Molier,GEE,0.17,0,0,0,-0.1,0,0
Jacob Moss,PTA,0.1,0,0,0,0,0,0
Jacob Wehr,GWS,0.6,0,0,0,0,0,0
Jacob Weitering,CAR,2.36,0,0,0,0,0,0
Jacob van Rooyen,MEL,0.37,0,0,0,0,0,0
Jade Gresham,ESS,0.26,0,0,0,0,0,0
Jaeger O'Meara,FRE,1.01,0,0,0,0,0,0
Jagga Smith,CAR,3.03,0,0,0,0,0,0
Jai Culley,MEL,0.32,0,0,0,-0.1,0,0
Jai Newcombe,HAW,5.96,0.1,0,0,-0.1,0,0
Jai Serong,HAW,0.4,0,0,0,0,0,0
Jaime Uhr-Henry,HAW,0.84,0.2,0,0,0.1,0,0
Jake Bowey,MEL,2.97,4.4,3,0,3.5,2,0
Jake Kolodjashnij,GEE,0.1,0,0,0,0,0,0
Jake Lever,MEL,1.03,0,0,0,0,0,0
Jake Lloyd,SYD,4.12,0,0,0,0,0,0
Jake Melksham,MEL,0.08,0,0,0,0,0,0
Jake Riccardi,GWS,0.07,0,0,0,0,0,0
Jake Rogers,GCS,0.64,0.1,0,0,0.1,0,0
Jake Soligo,ADE,6.05,9.4,9,20,6.6,3,-10
Jake Stringer,GWS,0.38,0,0,0,0,0,0
Jake Waterman,WCE,1.51,0,0,0,0,0,0
Jakob Ryan,COL,0.79,0.1,0,0,0,-1,0
Jamarra Ugle-Hagan,WBD,0.42,0,0,0,0,0,0
James Aish,FRE,0.18,0,0,0,0,0,0
James Barrat,STK,1.22,0,0,0,0,0,0
James Blanck,HAW,0.82,0.1,0,0,0,0,0
James Borlase,ADE,0.11,0,0,0,0,0,0
James Harmes,WBD,0.46,0,0,0,0,0,0
James Jordon,SYD,4.51,0.1,0,0,-0.1,0,0
James Leake,GWS,42.31,45,41,70,-5.8,-15,0
James O'Donnell,WBD,0.17,0,0,0,0,0,0
James Peatling,ADE,4.74,0.2,0,0,-0.7,0,0
James Rowbottom,SYD,2.09,0,0,0,0,0,0
James Sicily,HAW,12.2,1.6,0,0,-0.7,-2,0
James Trezise,RIC,0.24,0,0,0,0,0,0
James Tunstill,BRL,4.58,0.8,0,0,0.4,-1,0
James Worpel,HAW,1.63,0,0,0,0,0,0
Jamie Cripps,WCE,0.28,0,0,0,0,0,0
Jamie Elliott,COL,2.09,0,0,0,0,0,0
Jaren Carr,FRE,0.25,0.2,0,0,0.2,0,0
Jarman Impey,HAW,2.32,0,0,0,0,0,0
Jarrod Berry,BRL,0.81,0.6,0,0,0.5,0,0
Jarrod Witts,GCS,1.25,0,0,0,-0.1,0,0
Jase Burgoyne,PTA,1.01,0.1,0,0,0.1,0,0
Jason Horne-Francis,PTA,53.16,47.1,24,20,-17.6,-24,-20
Jason Johannisen,WBD,0.09,0,0,0,0,0,0
Jaspa Fletcher,BRL,0.69,0,0,0,0,0,0
Jasper Alger,RIC,0.32,0,0,0,0,0,0
Jasper Scaife,HAW,0.19,0,0,0,0,0,0
Jaxon Binns,CAR,0.49,0,0,0,0,0,0
Jaxon Prior,ESS,19.39,29.5,28,30,0.899999999999999,8,10
Jay Polkinghorne,GEE,0.18,0,0,0,0,0,0
Jayden Hunt,WCE,0.72,0,0,0,0,0,0
Jayden Laverde,ESS,0.09,0,0,0,0,0,0
Jayden Nguyen,ESS,5.53,0.1,0,0,0,0,0
Jayden Short,RIC,38.01,85.2,88,80,-1.7,7,0
Jed Adams,MEL,0.73,0,0,0,0,0,0
Jed Bews,GEE,0.28,0,0,0,0,0,0
Jed McEntee,PTA,0.22,0,0,0,0,0,0
Jed Walter,GCS,0.41,0,0,0,0,0,0
Jedd Busslinger,WBD,2.2,0.3,0,0,0.2,0,0
Jeremy Cameron,GEE,8.01,0.1,0,0,-0.2,-1,0
Jeremy Finlayson,PTA,1.27,0.4,1,0,-0.7,-1,0
Jeremy Howe,COL,1.47,0,0,0,0,0,0
Jeremy McGovern,WCE,1.22,0,0,0,0,0,0
Jeremy Sharp,FRE,0.45,0,0,0,0,0,0
Jesse Dattoli,SYD,0.28,0,0,0,0,0,0
Jesse Hogan,GWS,1.37,0,0,0,0,0,0
Jesse Motlop,CAR,1.08,0,0,0,0,0,0
Jhye Clark,GEE,0.61,0,0,0,0,0,0
Jimmy Webster,STK,0.14,0,0,0,0,0,0
Jobe Shanahan,WCE,0.52,0.1,0,0,0,0,0
Joe Berry,PTA,10.28,4.8,2,0,-0.5,-2,0
Joe Fonti,GWS,0.26,0,0,0,0,0,0
Joe Pike,GEE,0.14,0,0,0,0,0,0
Joe Richards,PTA,0.71,0,0,0,0,0,0
Joel Amartey,SYD,2.17,0,0,0,0,0,0
Joel Cochran,COL,0.19,0,0,0,0,0,0
Joel Freijah,WBD,25.89,63.6,54,50,-10.2,-14,0
Joel Hamling,SYD,0.42,0.1,0,0,0.1,0,0
Joel Jeffrey,GCS,0.34,0.1,0,0,-0.1,0,0
John Noble,GCS,1.83,0.2,0,0,0.2,0,0
Jonty Faull,RIC,0.15,0,0,0,0,0,0
Jordan Boyd,CAR,0.08,0,0,0,0,0,0
Jordan Clark,FRE,4.06,3.7,4,0,1.5,1,0
Jordan Croft,WBD,1.98,0,0,0,0,0,0
Jordan Dawson,ADE,34.41,77.7,77,90,-14.6,-17,-10
Jordan De Goey,COL,0.43,0,0,0,0,0,0
Jordan Ridley,ESS,0.5,0,0,0,0,0,0
Jordon Butts,ADE,0.21,0,0,0,0,0,0
Jordon Sweet,PTA,2.48,0.5,0,0,-0.1,0,0
Josaia Delana,GWS,0.66,0.1,0,0,0.1,0,0
Josh Battle,HAW,2.2,0.1,0,0,0.1,0,0
Josh Daicos,COL,4.91,0,0,0,-0.1,0,0
Josh Dolan,WBD,1.94,1.2,2,10,0.5,0,10
Josh Dunkley,BRL,6.57,10.2,17,20,7.4,7,10
Josh Fahey,GWS,0.59,0,0,0,0,0,0
Josh Gibcus,RIC,5.09,0.8,2,0,0.4,1,0
Josh Goater,NTH,0.04,0,0,0,0,0,0
Josh Kelly,GWS,2.73,0.1,0,0,0.1,0,0
Josh Lai,PTA,0.44,0,0,0,-0.1,0,0
Josh Rachele,ADE,1.48,0.2,0,0,0.1,0,0
Josh Sinn,PTA,2.11,1.1,0,0,1.1,0,0
Josh Smillie,RIC,3.89,0,0,0,0,0,0
Josh Treacy,FRE,1.49,0,0,0,0,0,0
Josh Ward,HAW,1.02,0.6,0,0,0.4,0,0
Josh Weddle,HAW,4.95,0.1,1,0,0,1,0
Josh Worrell,ADE,1.06,0.1,0,0,-0.2,-2,0
Joshua Draper,FRE,1.51,0.1,0,0,0.1,0,0
Judd McVee,MEL,0.12,0,0,0,0,0,0
Judson Clarke,RIC,0.18,0.1,0,0,0,0,0
Justin McInerney,SYD,0.86,0,0,0,0,0,0
Jy Farrar,GCS,0.39,0,0,0,0,0,0
Jy Simpkin,NTH,9.06,8.1,14,10,2.7,5,-10
Jye Amiss,FRE,1.01,0,0,0,0,0,0
Jye Caldwell,ESS,2.2,1.3,2,10,0.5,0,0
Jye Menzie,ESS,0.28,0,0,0,0,0,0
Kade Chandler,MEL,0.32,0,0,0,0,0,0
Kai Lohmann,BRL,1.41,0,0,0,0,0,0
Kaleb Smith,RIC,5.41,0.9,3,0,0.2,2,-10
Kallan Dawson,NTH,0.11,0,0,0,0,0,0
Kamdyn McIntosh,RIC,1.62,1,1,0,0.2,0,0
Kane Farrell,PTA,3.33,4.2,3,0,3.2,1,0
Kane McAuliffe,RIC,0.39,0,0,0,0,0,0
Karl Amon,HAW,4.62,0.8,0,0,-0.1,-3,0
Karl Gallagher,ADE,0.24,0,0,0,0,0,0
Karl Worner,FRE,1.98,0.5,0,0,-0.2,-2,0
Kayle Gerreyn,ESS,6.33,0.1,0,0,0.1,0,0
Keidean Coleman,BRL,3.22,0,0,0,-0.1,0,0
Keighton Matofai-Forbes,GEE,0.06,0,0,0,0,0,0
Kieran Strachan,ADE,0.24,0,0,0,0,0,0
Kieren Briggs,GWS,1.8,0,0,0,0,0,0
Koltyn Tholstrup,MEL,0.04,0,0,0,0,0,0
Kyle Langford,ESS,0.46,0,0,0,0,0,0
Kynan Brown,MEL,0.53,0.1,0,0,-0.1,0,0
Kysaiah Pickett,MEL,0.87,0,0,0,0,0,0
Lachie Ash,GWS,7.12,3.3,0,0,1.7,-2,0
Lachie Fogarty,CAR,0.46,0,0,0,0,0,0
Lachie Jaques,WBD,0.26,0,0,0,0,0,0
Lachie Jones,PTA,0.83,0,0,0,0,0,0
Lachie Neale,BRL,4.8,1.1,3,0,0.6,2,0
Lachie Schultz,COL,0.98,0,0,0,0,0,0
Lachie Weller,GCS,0.28,0,0,0,0,0,0
Lachie Whitfield,GWS,20.97,3.7,5,0,3.4,5,0
Lachlan Bramble,WBD,0.12,0,0,0,0,0,0
Lachlan Charleson,PTA,9.77,0.3,0,0,-0.4,-1,0
Lachlan Cowan,CAR,0.74,0,0,0,0,0,0
Lachlan Gulbin,GCS,0.07,0.1,1,0,0,1,0
Lachlan Keeffe,GWS,4.39,0,0,0,0,0,0
Lachlan McAndrew,ADE,0.53,0,0,0,0,0,0
Lachlan McNeil,WBD,0.1,0,0,0,0,0,0
Lachlan Murphy,ADE,0.05,0,0,0,0,0,0
Lachlan Sholl,ADE,0.13,0,0,0,0,0,0
Lachlan Smith,WBD,0.88,0.2,0,0,0.1,-1,0
Lachlan Sullivan,COL,0.94,0,0,0,0,0,0
Laitham Vandermeer,WBD,0.45,0,0,0,0,0,0
Lance Collard,STK,1.23,0.2,0,0,0,-1,0
Lawson Humphries,GEE,3.86,1.8,1,0,-0.3,-1,0
Leek Aleer,GWS,1.22,0,0,0,0,0,0
Lennox Hoffman,GEE,0.12,0,0,0,0,0,0
Leonardo Lombard,GCS,0.96,0,0,0,0,0,0
Levi Ashcroft,BRL,67.14,94.4,98,90,-0.599999999999994,4,-10
Lewis Hayes,ESS,0.45,0,0,0,0,0,0
Lewis Melican,SYD,1.7,0.2,0,0,0.1,-1,0
Lewis Young,CAR,0.17,0,0,0,0,0,0
Liam Baker,WCE,5.21,0.3,0,0,-0.2,0,0
Liam Duggan,WCE,0.92,0,0,0,0,0,0
Liam Fawcett,RIC,0.47,0.2,1,0,0,1,0
Liam Henry,STK,0.12,0,0,0,0,0,0
Liam Jones,WBD,0.22,0,0,0,0,0,0
Liam O'Connell,STK,11.49,9.7,11,0,1.9,-1,0
Liam Reidy,FRE,3.82,0.3,2,0,0.1,2,0
Liam Ryan,WCE,0.38,0,0,0,0,0,0
Liam Stocker,STK,0.15,0,0,0,0,0,0
Lincoln McCarthy,BRL,0.13,0,0,0,0,0,0
Lloyd Johnston,GCS,0.09,0,0,0,0,0,0
Lloyd Meek,HAW,7.85,0.2,0,0,0.1,0,0
Loch Rawlinson,WCE,0.93,0,0,0,-0.3,-1,0
Logan Evans,PTA,1.12,0.5,0,0,0.2,-1,0
Logan McDonald,SYD,0.07,0,0,0,0,0,0
Logan Morris,BRL,0.72,0,0,0,0,0,0
Logan Smith,GWS,0.19,0,0,0,0,0,0
Luamon Lual,ESS,0.75,0,0,0,0,0,0
Lucas Camporeale,CAR,42.82,75,75,90,-19.1,-21,0
Lucca Grego,WCE,1.06,0.2,0,0,-0.1,0,0
Luke Beecken,BRL,3.41,0.1,0,0,0,0,0
Luke Breust,HAW,0.59,0,0,0,0,0,0
Luke Cleary,WBD,1.47,0.3,2,0,0,1,-10
Luke Davies-Uniacke,NTH,1.89,0,0,0,0,0,0
Luke Jackson,FRE,9.92,3,1,0,1.4,-1,0
Luke Kennedy,WBD,0.47,0,0,0,0,0,0
Luke Lloyd,BRL,0.11,0,0,0,0,0,0
Luke McDonald,NTH,0.23,0,0,0,0,0,0
Luke Nankervis,ADE,0.21,0,0,0,0,0,0
Luke Parker,NTH,2.08,0.3,0,0,-0.1,-1,0
Luke Pedlar,ADE,0.08,0,0,0,0,0,0
Luke Ryan,FRE,3.13,0,0,0,0,0,0
Luke Trainor,RIC,39.03,72.6,69,60,3.09999999999999,7,30
Luke Urquhart,NTH,0.53,0.1,0,0,-0.3,-1,0
Luker Kentfield,MEL,0.03,0,0,0,0,0,0
Mabior Chol,HAW,1.76,0,0,0,0,0,0
Mac Andrew,GCS,1.58,0.1,0,0,0.1,0,0
Malakai Champion,WCE,0.28,0.2,0,0,0,0,0
Malcolm Rosas,GCS,0.08,0,0,0,0,0,0
Marc Pittonet,CAR,0.18,0,0,0,0,0,0
Marcus Bontempelli,WBD,2.57,0,0,0,0,0,0
Marcus Windhager,STK,0.38,0.1,0,0,0.1,0,0
Mark Blicavs,GEE,0.41,0,0,0,0,0,0
Mark Keane,ADE,0.34,0,0,0,0,0,0
Mark O'Connor,GEE,0.64,0,0,0,0,0,0
Marty Hore,MEL,0.05,0,0,0,0,0,0
Mason Cox,COL,1.6,0,0,0,0,0,0
Mason Redman,ESS,0.61,0,0,0,0,0,0
Mason Wood,STK,0.96,0.1,0,0,-0.1,0,0
Massimo D'Ambrosio,HAW,4.54,0,0,0,0,0,0
Mate Colina,RIC,0.96,0,0,0,0,0,0
Matt Crouch,ADE,0.48,0.1,0,0,0.1,0,0
Matt Duffy,CAR,0.07,0,0,0,0,0,0
Matt Flynn,WCE,1.47,0.1,0,0,0,0,0
Matt Guelfi,ESS,0.09,0,0,0,0,0,0
Matt Hill,HAW,0.25,0,0,0,0,0,0
Matt Roberts,SYD,44.57,85.9,76,70,-7.69999999999999,-16,-30
Matt Rowell,GCS,2.2,0.2,0,0,0.2,0,0
Matt Whitlock,NTH,1.74,0,0,0,-0.1,0,0
Mattaes Phillipou,STK,1.76,0,0,0,0,0,0
Matthew Carroll,CAR,0.79,0,0,0,0,0,0
Matthew Cottrell,CAR,1.54,0,0,0,0,0,0
Matthew Jefferson,MEL,1.35,0.9,0,0,0.1,0,0
Matthew Johnson,FRE,0.29,0,0,0,0,0,0
Matthew Kennedy,WBD,1.77,0.7,1,0,-0.1,1,0
Matthew Owies,WCE,0.58,0,0,0,0,0,0
Maurice Rioli,RIC,0.47,0,0,0,0,0,0
Max Gawn,MEL,18.67,15.4,18,10,6.4,8,0
Max Gruzewski,GWS,7.38,4.3,6,20,0,1,0
Max Hall,STK,34.28,57.5,70,90,2.6,2,10
Max Heath,STK,11.84,1.9,3,0,-0.3,1,-10
Max Holmes,GEE,18.25,30.9,31,30,9.2,15,10
Max King,STK,0.21,0,0,0,0,0,0
Max Knobel,GCS,1.03,0,0,0,0,0,0
Max Michalanney,ADE,0.69,0,0,0,0,0,0
Max Ramsden,HAW,0.34,0,0,0,0,0,0
Michael Frederick,FRE,0.96,0,0,0,0,0,0
Michael Walters,FRE,0.28,0,0,0,0,0,0
Miles Bergman,PTA,2.74,3.2,4,10,1.2,3,10
Miller Bergman,NTH,0.21,0,0,0,0,0,0
Mitch Duncan,GEE,0.22,0,0,0,0,0,0
Mitch Georgiades,PTA,0.76,0,0,0,0,0,0
Mitch Knevitt,GEE,9.87,23,27,50,1.8,-2,10
Mitch Lewis,HAW,0.05,0,0,0,0,0,0
Mitch McGovern,CAR,0.62,0,0,0,0,0,0
Mitch Owens,STK,0.25,0,0,0,0,0,0
Mitchell Edwards,GEE,0.45,0.1,0,0,0.1,0,0
Mitchell Hinge,ADE,0.65,0,0,0,0,0,0
Murphy Reid,FRE,20.51,25.8,20,30,-0.300000000000001,-7,10
Mykelti Lefau,RIC,0.16,0,0,0,0,0,0
Nasiah Wanganeen-Milera,STK,13.57,35,35,30,17.8,10,10
Nat Fyfe,FRE,0.48,0,0,0,0,0,0
Nate Caddy,ESS,1.39,0,0,0,0,0,0
Nathan Broad,RIC,0.42,0,0,0,0,0,0
Nathan O'Driscoll,FRE,31.47,85.7,85,70,8.40000000000001,12,20
Nathan Wardius,GWS,0.12,0,0,0,0,0,0
Ned Bowman,SYD,0.14,0,0,0,0,0,0
Ned Long,COL,1.34,0,0,0,0,0,0
Ned Moyle,GCS,0.21,0,0,0,0,0,0
Ned Reeves,HAW,0.5,0,0,0,0,0,0
Neil Erasmus,FRE,1.03,0,0,0,0,0,0
Nic Martin,ESS,5.84,0.2,0,0,-0.7,-1,0
Nic Newman,CAR,0.3,0,0,0,0,0,0
Nicholas Madden,GWS,1.48,0.1,0,0,0.1,0,0
Nick Blakey,SYD,6.25,0,0,0,0,0,0
Nick Bryan,ESS,1.54,0,0,0,0,0,0
Nick Coffield,WBD,0.15,0,0,0,0,0,0
Nick Daicos,COL,26.14,3.5,5,0,-3.1,-2,-10
Nick Haynes,CAR,1.02,0.1,0,0,-0.1,0,0
Nick Holman,GCS,0.48,0,0,0,0,0,0
Nick Larkey,NTH,1.69,0,0,0,0,0,0
Nick Murray,ADE,0.85,0.1,0,0,0,0,0
Nick Vlastuin,RIC,0.8,0,0,0,0,0,0
Nick Watson,HAW,4.47,0,0,0,0,0,0
Nik Cox,ESS,0.25,0,0,0,0,0,0
Noah Anderson,GCS,3.28,2.6,2,0,2.2,2,0
Noah Answerth,BRL,0.57,0,0,0,0,0,0
Noah Balta,RIC,0.28,0,0,0,0,0,0
Noah Long,WCE,0.23,0,0,0,0,0,0
Noah Mraz,HAW,0.31,0,0,0,0,0,0
Odin Jones,FRE,0.23,0.1,0,0,0.1,0,0
Oisin Mullin,GEE,0.64,0,0,0,-0.1,0,0
Oleg Markov,COL,0.17,0,0,0,0,0,0
Oliver Dempsey,GEE,1.27,0,0,0,0,0,0
Oliver Florent,SYD,1.35,0,0,0,0,0,0
Oliver Hannaford,GWS,2.12,0.1,0,0,0,0,0
Oliver Hayes-Brown,RIC,0.27,0,0,0,-0.1,0,0
Oliver Henry,GEE,1.57,0,0,0,0,0,0
Oliver Hollands,CAR,4.16,1.6,0,0,-7.7,-3,0
Oliver Sestan,MEL,0.16,0,0,0,0,0,0
Oliver Wiltshire,GEE,1.54,0.3,1,0,0.2,1,0
Ollie Lord,PTA,0.4,0,0,0,0,0,0
Ollie Murphy,FRE,0.23,0,0,0,0,0,0
Ollie Wines,PTA,0.37,0,0,0,0,0,0
Orazio Fantasia,CAR,0.43,0,0,0,0,0,0
Oscar Allen,WCE,0.81,0,0,0,0,0,0
Oscar McDonald,FRE,0.5,0,0,0,0,0,0
Oscar McInerney,BRL,1.53,0,0,0,0,0,0
Oscar Ryan,ADE,0.28,0,0,0,0,0,0
Oscar Steene,COL,1.42,0,0,0,0,0,0
Oskar Baker,WBD,0.16,0,0,0,0,0,0
Paddy Dow,STK,0.07,0,0,0,0,0,0
Patrick Cripps,CAR,6.39,0.4,0,0,0.1,-1,0
Patrick Dangerfield,GEE,0.75,0,0,0,0,0,0
Patrick Lipinski,COL,8.54,0.2,0,0,0,0,0
Patrick Retschko,GEE,0.07,0,0,0,0,0,0
Patrick Said,STK,0.35,0.5,1,10,-0.1,0,10
Patrick Snell,SYD,0.3,0.1,0,0,0,0,0
Patrick Voss,FRE,0.34,0,0,0,0,0,0
Paul Curtis,NTH,0.64,0,0,0,0,0,0
Peter Ladhams,SYD,0.45,0,0,0,0,0,0
Peter Wright,ESS,0.12,0,0,0,0,0,0
Phoenix Gothard,GWS,0.38,0,0,0,-0.2,-1,0
Quinton Narkle,FRE,0.21,0,0,0,0,0,0
Reece Torrent,BRL,0.42,0.1,0,0,0,0,0
Reef McInnes,COL,3.15,0.5,0,0,0.1,0,0
Reilly O'Brien,ADE,1.11,0,0,0,0,0,0
Reuben Ginbey,WCE,0.98,0,0,0,0,0,0
Rhett Bazzo,WCE,1.53,0.1,0,0,-0.2,0,0
Rhyan Mansell,RIC,0.51,0,0,0,0,0,0
Rhylee West,WBD,0.13,0,0,0,0,0,0
Rhys Stanley,GEE,0.67,0,0,0,0,0,0
Rhys Unwin,ESS,0.14,0,0,0,0,0,0
Riak Andrew,SYD,0.55,0,0,0,0,0,0
Ricky Mentha,MEL,0.56,0.1,1,0,-0.1,1,0
Riley Bice,SYD,18.76,13.4,16,10,1.8,4,-10
Riley Garcia,WBD,0.1,0,0,0,0,0,0
Riley Hardeman,NTH,0.28,0,0,0,0,0,0
Riley Thilthorpe,ADE,2.09,0.6,0,0,0.3,0,0
River Stevens,NTH,0.32,0,0,0,0,0,0
Rob Monahan,CAR,0.11,0,0,0,0,0,0
Robbie Fox,SYD,0.14,0,0,0,0,0,0
Robert Hansen Jr,NTH,1.1,0.1,0,0,0.1,0,0
Rory Atkins,PTA,0.07,0,0,0,0,0,0
Rory Laird,ADE,0.54,0.4,1,0,0.1,1,0
Rory Lobb,WBD,0.85,0,0,0,0,0,0
Rowan Marshall,STK,14.6,3.9,7,0,3.9,7,0
Ryan Angwin,GWS,0.14,0,0,0,0,0,0
Ryan Burton,PTA,0.22,0,0,0,0,0,0
Ryan Byrnes,STK,0.1,0,0,0,0,0,0
Ryan Gardner,WBD,0.41,0,0,0,-0.1,0,0
Ryan Lester,BRL,0.32,0,0,0,0,0,0
Ryan Maric,WCE,2.22,0.6,1,0,0.5,1,0
Ryley Sanders,WBD,32.72,36.3,25,0,-27.4,-30,-40
Saad El-Hawli,ESS,23.45,6.1,11,20,0.399999999999999,1,-10
Sam Banks,RIC,0.68,0.2,0,0,0.2,0,0
Sam Berry,ADE,0.19,0,0,0,0,0,0
Sam Butler,HAW,0.08,0,0,0,0,0,0
Sam Clohesy,GCS,0.25,0,0,0,0,0,0
Sam Collins,GCS,0.38,0,0,0,0,0,0
Sam Darcy,WBD,2.67,0.2,0,0,-0.1,0,0
Sam Davidson,WBD,53.81,99.5,99,100,1.2,0,0
Sam Day,BRL,0.17,0,0,0,0,0,0
Sam De Koning,GEE,44.11,80.6,80,70,-10.4,-10,-20
Sam Docherty,CAR,2.1,0.1,0,0,0.1,0,0
Sam Draper,ESS,5.47,0,0,0,0,0,0
Sam Durham,ESS,0.83,0,0,0,0,0,0
Sam Flanders,GCS,3.24,0.2,0,0,0.2,0,0
Sam Frost,HAW,1.33,0,0,0,0,0,0
Sam Lalor,RIC,35.73,38.5,33,10,3.6,11,0
Sam Marshall,BRL,0.52,0,0,0,0,0,0
Sam Powell-Pepper,PTA,2.47,0,0,0,-0.1,0,0
Sam Sturt,FRE,0.08,0,0,0,0,0,0
Sam Switkowski,FRE,0.1,0,0,0,0,0,0
Sam Taylor,GWS,8.67,1.9,1,0,-0.9,0,0
Sam Walsh,CAR,3.2,0.4,1,0,0.2,1,0
Sam Wicks,SYD,3.64,1.8,1,0,0,-1,0
Samson Ryan,RIC,1.55,0,0,0,0,0,0
Sandy Brock,WCE,1.19,0.1,0,0,0,0,0
Scott Pendlebury,COL,1.95,0,0,0,0,0,0
Seamus Mitchell,HAW,0.28,0,0,0,0,0,0
Sean Darcy,FRE,0.6,0,0,0,0,0,0
Sean Lemmens,GCS,0.16,0,0,0,0,0,0
Seth Campbell,RIC,0.39,0,0,0,0,0,0
Shadeau Brain,BRL,0.15,0,0,0,0,0,0
Shai Bolton,FRE,3.68,0,0,0,-0.3,0,0
Shane McAdam,MEL,0.03,0,0,0,0,0,0
Shannon Neale,GEE,0.43,0,0,0,0,0,0
Shaun Mannagh,GEE,0.17,0,0,0,0,0,0
Sid Draper,ADE,23.73,6.3,7,0,-0.600000000000001,2,0
Steele Sidebottom,COL,1.26,0,0,0,0,0,0
Steely Green,RIC,0.77,0,0,0,0,0,0
Stephen Coniglio,GWS,1.67,0,0,0,0,0,0
Steven May,MEL,0.68,0,0,0,0,0,0
Taj Hotton,RIC,0.99,0,0,0,0,0,0
Taj Woewodin,MEL,0.67,0,0,0,0,0,0
Tanner Bruhn,GEE,0.2,0,0,0,0,0,0
Taylor Adams,SYD,2.1,0,0,0,0,0,0
Taylor Duryea,WBD,0.1,0,0,0,0,0,0
Taylor Goad,NTH,0.49,0,0,0,0,0,0
Taylor Walker,ADE,0.57,0,0,0,0,0,0
Ted Clohesy,GEE,16.29,23.8,29,40,23.7,29,40
Tew Jiath,COL,1.59,0,0,0,0,0,0
Thomas Berry,GCS,0.03,0,0,0,0,0,0
Thomas Edwards,ESS,1.42,0.8,1,10,-0.2,0,0
Thomas Sims,RIC,2.53,0,0,0,0,0,0
Thomson Dow,RIC,0.61,0,0,0,0,0,0
Tim English,WBD,6.21,2.6,2,0,1.8,2,0
Tim Kelly,WCE,0.56,0,0,0,0,0,0
Tim Membrey,COL,1.34,0,0,0,0,0,0
Tim Taranto,RIC,2.91,0.5,0,0,0.2,0,0
Tobie Travaglia,STK,12.73,4.3,7,0,3,5,0
Toby Bedford,GWS,6.39,0,0,0,0,0,0
Toby Conway,GEE,0.27,0,0,0,0,0,0
Toby Greene,GWS,5.02,0.2,0,0,0.2,0,0
Toby McMullin,GWS,0.05,0,0,0,0,0,0
Toby Murray,ADE,1.02,0.1,0,0,0,0,0
Toby Nankervis,RIC,2.31,1.1,1,0,0.2,1,0
Toby Pink,NTH,0.22,0,0,0,0,0,0
Todd Goldstein,ESS,0.43,0,0,0,0,0,0
Todd Marshall,PTA,0.1,0,0,0,0,0,0
Tom Anastasopoulos,PTA,0.19,0,0,0,0,0,0
Tom Atkins,GEE,0.34,0,0,0,-0.2,0,0
Tom Barrass,HAW,4.84,0,0,0,0,0,0
Tom Brown,RIC,0.55,0,0,0,0,0,0
Tom Campbell,MEL,2.36,0,0,0,0,0,0
Tom Cochrane,PTA,0.52,0.1,0,0,0.1,0,0
Tom Cole,WCE,0.31,0,0,0,0,0,0
Tom De Koning,CAR,48.04,98.7,99,100,0.799999999999997,0,0
Tom Doedee,BRL,0.68,0,0,0,0,0,0
Tom Fullarton,MEL,0.16,0,0,0,0,0,0
Tom Green,GWS,1.92,0.4,1,0,0.4,1,0
Tom Gross,WCE,0.53,0.2,0,0,0,0,0
Tom Hanily,SYD,7.99,3.2,4,0,-0.6,-3,-20
Tom Liberatore,WBD,6.09,26.1,42,60,15.1,24,30
Tom Lynch,RIC,1.85,0,0,0,0,0,0
Tom McCartin,SYD,1.75,0.1,0,0,0,-1,0
Tom McDonald,MEL,0.14,0,0,0,0,0,0
Tom Mitchell,COL,0.09,0,0,0,0,0,0
Tom Papley,SYD,2.53,0,0,0,0,0,0
Tom Powell,NTH,6.54,19.6,14,0,1.4,-12,-10
Tom Sparrow,MEL,0.4,0,0,0,0,0,0
Tom Stewart,GEE,4.26,1.3,1,0,-0.5,1,0
Touk Miller,GCS,0.66,0.1,0,0,0.1,0,0
Travis Boak,PTA,0.37,0.1,0,0,0,0,0
Trent Rivers,MEL,2.97,1,0,0,0.6,0,0
Tristan Xerri,NTH,58.7,75.4,73,90,-14.5,-17,0
Ty Gallop,BRL,0.45,0.1,0,0,0,0,0
Tylar Young,RIC,0.11,0,0,0,0,0,0
Tyler Brockman,WCE,0.47,0,0,0,0,0,0
Tyler Sonsie,RIC,0.25,0,0,0,0,0,0
Tyler Welsh,ADE,0.28,0,0,0,0,0,0
Tyrell Dewar,WCE,1.39,0.7,1,10,0.5,1,10
Tyson Stengle,GEE,1.44,0,0,0,0,0,0
Vigo Visentini,ESS,0.46,0.1,0,0,0.1,0,0
Wade Derksen,GWS,0.25,0,0,0,0,0,0
Wayne Milera,ADE,1.37,0.3,0,0,0.1,0,0
Wil Dawson,NTH,0.75,0.3,0,0,-0.1,0,0
Wil Parker,COL,0.75,0,0,0,0,0,0
Wil Powell,GCS,0.33,0,0,0,0,0,0
Will Ashcroft,BRL,16.18,11,5,0,7.5,2,0
Will Brodie,FRE,0.31,0,0,0,0,0,0
Will Day,HAW,34.58,16.5,10,20,-58.4,-50,-30
Will Graham,GCS,0.22,0,0,0,0,0,0
Will Hayward,SYD,1.27,0,0,0,0,0,0
Will Hoskin-Elliott,COL,0.56,0,0,0,0,0,0
Will Lorenz,PTA,0.95,0,0,0,0,0,0
Will McLachlan,BRL,0.53,0.1,1,10,-0.2,0,0
Will Phillips,NTH,0.23,0,0,0,0,0,0
Will Setterfield,ESS,0.14,0,0,0,0,0,0
Will Verrall,MEL,3.84,0.1,0,0,0,0,0
Will White,CAR,0.66,0,0,0,-0.1,0,0
Willem Drew,PTA,0.3,0,0,0,0,0,0
William Edwards,SYD,0.74,0,0,0,0,0,0
William Green,SYD,0.59,0,0,0,0,0,0
William Hayes,COL,1.28,0.7,4,0,0.5,3,-10
William McCabe,HAW,0.55,0,0,0,0,0,0
Willie Rioli,PTA,0.93,0,0,0,0,0,0
Xavier Duursma,ESS,0.37,0,0,0,0,0,0
Xavier Ivisic,GEE,0.07,0,0,0,0,0,0
Xavier Lindsay,MEL,27.16,78.4,79,90,11,10,30
Xavier O'Halloran,GWS,3.35,0.1,0,0,0,0,0
Xavier Walsh,PTA,0.41,0,0,0,0,0,0
Zac Bailey,BRL,2.08,0,0,0,0,0,0
Zac Fisher,NTH,0.27,0,0,0,0,0,0
Zac Taylor,ADE,0.31,0,0,0,0,0,0
Zac Williams,CAR,1.71,0,0,0,-0.1,0,0
Zach Guthrie,GEE,1.09,0,0,0,0,0,0
Zach Merrett,ESS,9.57,4,6,10,1.7,3,10
Zach Reid,ESS,63.26,97.9,96,100,-0.299999999999997,-4,0
Zaine Cordy,STK,0.4,0,0,0,0,0,0
Zak Butters,PTA,1.43,0,0,0,0,0,0
Zak Evans,GCS,0.19,0,0,0,0,0,0
Zak Johnson,ESS,0.18,0,0,0,0,0,0
Zak Jones,STK,0.41,0,0,0,0,0,0
Zane Duursma,NTH,1.19,0,0,0,0,0,0
Zane Zakostelsky,BRL,1.11,0,0,0,0,0,0
